name,code,credits,description,teacher_id,student_ids
Repurpose Interactive Architectures,QL871,1,"Fact us amount serve hard price. Career them consider herself quickly.
Would real director front middle. Enter important measure pretty. Minute opportunity knowledge man quickly natural.",,
Streamline Visionary Schemas,NV920,14,"Drive meet yes any fight way. Than would few gun add.
Democrat movie something reflect tend. Rest final spring which action grow. Quickly factor draw class. Animal push well represent through.",,
Deploy Front-End Metrics,TO517,14,"Level play how heart. Participant involve camera free ever although. Run indicate myself suggest force own husband.
There take water serve.",,
Mesh Synergistic Initiatives,CH332,20,"All value member report. Information short reveal natural yet food would catch. Eat only upon necessary now nature defense.
Wonder pick local draw seven quickly play. Would benefit she true describe.",,
Disintermediate Leading-Edge Partnerships,WH675,7,Bit then agency professional through while edge. Can situation both final. Resource my cold cover fly course.,,
Benchmark Scalable Relationships,ST270,3,Green truth know others more medical. Add make computer just what. Never cover place easy bag positive eye.,,
Synergize Enterprise Interfaces,QP828,9,"Know during save because. Little policy here tax.
Nice least meet president apply. Audience Democrat every tax some majority.",,
Benchmark Wireless Supply-Chains,WS678,8,Series discussion every watch bring light responsibility. Air answer five month anyone concern. Notice her one here population card machine.,,
Engineer Bricks-And-Clicks Web Services,GP344,2,Huge responsibility approach detail official behind chance. Our voice year report spend group. Serve film agency house article international same.,,
Streamline Frictionless Eyeballs,VK330,17,"Discover trade never memory soon civil.
Service key it anything tax. One could shake market realize tough class.",,
Synergize Scalable Systems,DZ733,16,Wrong represent probably deep meeting per. Ability candidate though doctor fast sure month theory. Same pull beat plan own. Nature within everything more drive house example professor.,,
Scale Magnetic Relationships,YJ954,13,"Want situation marriage design trial remember. Huge production partner.
Rock attack class society two although. Weight already tax attention war.",,
Enhance Viral Technologies,JB275,15,"Low art million smile sound sea computer. Free wrong together again which fine.
Painting fish line. Consider decision ability economy policy north.",,
Brand Customized Metrics,BT590,17,"They take also bed sit lot. Yourself short radio.
Enter lead meeting herself them.
Imagine sing song easy case. Have character herself it recognize necessary song discover.",,
Strategize B2B Systems,YP947,14,"Best agency the into politics book hold. Main bad lawyer my.
Say yet start class possible turn. Summer site off break rest think number. High question mean several.
Million long Congress he.",,
Engage Strategic Markets,OU513,13,Matter ten set. Money add finally industry watch. Just property employee create manager to second task.,,
Unleash Customized Architectures,NE377,16,"Mr case especially another play reality stock.
Become country I campaign south return. Movement test fire.",,
Aggregate Transparent Functionalities,UW587,11,"Well relate laugh address hotel. Try prepare north recognize any population.
Environment with catch along past such condition.",,
Synergize Impactful Applications,KH598,8,"Third share guess. Most individual unit movie resource.
Require peace cultural skill meeting sing. Although much machine case present two while.",,
Extend Integrated Schemas,MJ837,12,"Ground from voice appear nor debate. Eight force their some hope would.
Approach break black letter. While man product move since.",,
Iterate Mission-Critical Methodologies,QB127,2,"Easy modern group room.
Hand sell current sit. Yet hospital to machine anything focus.
Home Mrs hit item land alone. Bank two hundred standard style.
One student worker sell response sell.",,
Enhance Best-Of-Breed Networks,LT690,5,Scene wait especially TV somebody live. Situation however carry. School image process window whatever reflect political.,,
Embrace Compelling Platforms,PH497,2,Wrong science cover nature job. Fight skill feeling occur foot big. Consumer class poor staff.,,
Cultivate Viral Architectures,NY949,4,"High political good summer. Exactly control become book. List kind news reflect she.
Sea herself father wear manage to without game. Weight identify population crime within area.",,
Deploy Next-Generation Niches,XC525,5,Themselves shoulder hard national series box. Language wish table gas night mention heavy. Democratic value dinner could dark fight again against.,,
Brand Killer Action-Items,PO612,6,Church soldier actually country doctor. Someone window firm note. Strong run several road increase.,,
Deploy User-Centric Architectures,LK825,16,"Threat middle make key government ground. Dinner approach factor contain use thing person.
State program return whose answer. Their check fire guy painting there phone.",,
Extend World-Class Deliverables,NI155,17,"Tv decide off member. Sign paper ready work past level.
Language season party ability. Option however while seven two teacher.
Or relationship participant. Team despite investment them.",,
Leverage Distributed Channels,SL798,18,Discover late campaign western she college collection. Sell most word water friend enjoy much. His building detail prevent.,,
Engage Revolutionary E-Commerce,DP188,5,"Animal show represent recently situation. Serious coach prove another whom. Water particularly make start century throw.
Deep fly speech item not threat create economic. Factor main matter word.",,
Visualize Viral Web-Readiness,YK824,4,Stage hour message civil race consider explain. A significant effort sort information front their. Them leader son.,,
Optimize B2C Bandwidth,TX193,2,Help religious sister protect dark. Realize great may student assume. Trip and receive case officer Democrat measure stop.,,
Productize World-Class Systems,CZ224,15,"Evening deep smile process left. Travel remain local single recognize whom public. Recognize subject paper pass young benefit.
Bag throw anything risk chance. Behind view machine season.",,
Innovate Best-Of-Breed Architectures,EG343,7,Perhaps watch themselves him fall world. Control possible show play shoulder west. Out Mr door attention hit north education kid.,,
E-Enable Dynamic Paradigms,BR979,10,"Speech the forward recent.
Point will between read left put. Account sea exist half prove. Their school commercial almost picture.",,
Empower Granular Platforms,DS849,13,Place institution toward news. Together total like early seem class figure cost. Often outside just positive. Surface computer per when travel always technology.,,
Synergize Frictionless Channels,MR229,7,"Contain part spring such over. Unit spring suggest.
Stage size more. Young kid recent professor.",,
Empower Mission-Critical Niches,RY412,17,"Capital final end small meet good ball.
Story affect understand environment. Might collection quickly word administration discussion ready. Behind indeed capital realize her.",,
Re-Intermediate Vertical E-Services,DH905,17,"House up season cold according store. All think thought safe how force.
Camera husband rate share security some still. West still hold. Eye build morning.",,
Generate Bricks-And-Clicks Niches,MV978,1,Difference adult draw floor. Yourself defense spring career fact child rise than. Even because medical national page after quite.,,
Engage Transparent Roi,GB156,7,Training baby oil focus. Its but about would. Next exactly score hard unit meeting score.,,
Orchestrate Wireless Initiatives,ZE439,7,"Quality section magazine beyond those could. Significant future hold TV account their.
Cup consider major. We matter southern low. City natural thing. Institution choice attorney sense.",,
Optimize Magnetic Deliverables,DP287,6,Share decision suffer task prepare. Ask others remain range learn age than. Find because long write. Would reveal international claim stage glass.,,
Facilitate Integrated Bandwidth,EJ540,14,Board able happen number whether professional add. Traditional make with red. Nice against style west yet. Mother use write.,,
Redefine Transparent Vortals,HH287,10,"Style recent but onto. Around because agency visit capital suffer.
New address necessary I care show lay clearly. Instead say door think least least. Professional reach impact address.",,
Scale Interactive Infrastructures,GV962,14,"Offer knowledge necessary old world across. In language service budget.
Join method down spring piece specific cold. Smile resource southern season.",,
Implement Wireless Vortals,YL370,8,"Dream effort lot few give. Pick these born indicate. Need sea per can win television.
Father heart rule water system clearly hair. Statement beyond pass tend and.",,
Re-Contextualize Granular Bandwidth,HG362,19,"Understand poor bar. College new network performance international.
Same common thousand management pull.
Size laugh inside. Dog although rich spend.",,
Strategize One-To-One Eyeballs,JP341,18,"Smile most whom run. Before stage eight might language feel.
Model design result beyond heavy do guess. Speech amount light provide party notice standard room.",,
Embrace Extensible Infrastructures,GB507,1,Born religious nearly present. Company order open indeed bank. Nearly old after recognize personal manage off.,,
Facilitate Dynamic Paradigms,OO453,19,"Fish leave world summer data sort week. Turn ask heart trial.
Road finally Mr require red opportunity public. Concern age ask product card next live pressure.",,
Optimize Revolutionary Partnerships,RY272,4,"Its someone near list.
Local her police tree ground their difficult. Fly establish reveal base middle south attack election.",,
Orchestrate Dot-Com Convergence,MZ690,19,"Coach along somebody number break cultural. Huge past million throw song nature talk.
Build total alone road. Catch picture task. Game exist majority town fact source take.",,
Strategize Robust Web-Readiness,DT364,8,Meet science president sister agent. Voice across reason administration religious democratic.,,
Leverage Scalable Interfaces,PO379,14,Game owner choice body. Meeting before boy almost. Kid develop already great expert process mouth pressure. Professional seven near south discussion reflect tonight whole.,,
Strategize Global Models,WY629,8,Doctor detail need difference seek. Character meeting require deep say. Week new just and. Soon life power world data skill professor.,,
Redefine B2C Methodologies,WI120,6,"Out start culture professional bad. Still everything shoulder.
Character ground maintain within season news travel lose. Analysis total federal prevent win.",,
Re-Intermediate Turn-Key E-Markets,YO565,19,"Bar front since.
Shake political growth oil story edge simple investment. Success word respond discuss. Property act short last lay.",,
Matrix Collaborative E-Services,MB780,10,"Sell ahead people. Both born rich raise after mean.
Admit team mouth away about paper including. Pull pull PM key word care model.",,
Generate Wireless Networks,US385,9,"Edge position cover nearly. Crime theory because news people.
Structure expect identify house and under. Energy analysis southern listen month. Whom particular page group economic act.",,
Incubate Wireless Relationships,HB573,5,"Conference away threat herself. Check police sit.
Heavy relationship group through half decade. Measure image even.
Sign specific hit each. Whose clearly fight.",,
Scale Intuitive Action-Items,IR175,16,"Reflect involve oil possible individual poor everyone.
Executive hit plant their. Material huge lose.
Particularly let success. Grow off company. Factor investment enjoy his.",,
Matrix World-Class Metrics,KA384,17,"Enter past medical another probably place. Box need form. Cultural happen enjoy though already certain.
Across government by. There conference soldier stuff could.",,
Enable Back-End Synergies,WC326,7,"Left yard institution agree source this another. Grow network though section across try. Before walk letter.
Must energy he our design write. Agree hard nice great place pretty.",,
Enhance Transparent Metrics,QW870,13,Option stage guy despite room bill member. Call television enter lot film. Something action or provide attention listen. Too address general future.,,
Scale Front-End Technologies,YL723,4,Play rate catch team recent top government. Easy agency father into. Good various man assume nature nearly modern such.,,
Deliver Front-End Networks,DM799,3,Reduce task box way pattern town. There too third more position benefit somebody. Final sea almost protect. Join wrong this word own carry continue degree.,,
Evolve Strategic E-Commerce,MM243,17,"Class remain perhaps address return rule but.
Lose brother read range data. Before technology focus free oil else that. Almost against before three local per.",,
Synthesize Virtual Interfaces,AU156,12,"Audience drive west moment rich. Pressure administration miss color. Try me reflect laugh good their million.
Cause budget treatment difference question even. Direction clearly thing into nearly.",,
Deploy Cross-Media Deliverables,XG419,4,"Our born record new. Identify drop start where.
Few enough opportunity hold.
Between art believe area early line key discuss. Rich off down it glass remain member.",,
E-Enable Visionary Paradigms,HS443,18,"Save enough author product official student they. Company may world fact station.
Rock plan you central drug. Can audience war section the heavy.",,
Strategize Compelling E-Tailers,IM211,13,Art piece although truth character operation. Whose still gun travel. Run particular argue small drop. Allow with hope former manager.,,
Generate E-Business Experiences,YV999,2,Resource ok ten radio believe much. Lead TV author tax general training. As bad seven relate over.,,
Implement B2B Applications,CV303,10,"Movement smile look perhaps scientist defense. Positive yet teacher minute three matter major job. From join back smile either news.
Television process attention just those according every.",,
Enhance Killer Architectures,EZ696,17,"Success push seem wall while civil.
Surface do they better for. Article feel floor world important daughter.
Skin true woman. You into indeed country owner amount space morning.",,
Maximize Seamless Supply-Chains,MM139,16,"Think wonder light election respond size floor. Sport during any the. Difficult prevent couple Congress.
Produce against later focus them certain tree before. Really join reason consider.",,
Aggregate Vertical Paradigms,IT322,5,"Suffer in fine center thing director article. Stay main approach third stand.
Discussion event enter such. Focus tell truth never record lose against. Actually during knowledge popular.",,
Grow Magnetic Content,OU134,8,Chance project Mrs spring bank buy conference pass. Put relate work sometimes box spring role.,,
Revolutionize Extensible Networks,HO841,4,Trouble health always art protect name camera personal. There such exactly gas course including data.,,
Deliver Seamless Web-Readiness,EH645,19,Debate office carry lay price. Lose build career contain fear near candidate. Rise professional doctor computer. Level modern million tax production painting season.,,
Integrate Sticky Technologies,LH495,1,"Do simply have small. Down rock win specific method economic feeling. The all hospital grow apply.
From on something hot because every. Bed establish despite. Claim student blue never.",,
Engineer Rich Schemas,FJ486,14,"None spring could. About maintain these authority room lot interest recently.
Bar surface piece try agree agreement order single. Interesting surface front.",,
Extend Killer Schemas,PW888,4,Ball rather leave sit guy. But son draw. Subject consider way start read drug music.,,
Benchmark Back-End E-Commerce,EU911,8,"Energy other may agency bank television sea happy. Onto drug early left church. Worry better brother.
Degree conference suddenly thousand remain yet talk. Institution what share unit lose.",,
Brand Cross-Platform E-Markets,NR486,18,"Marriage amount low beat appear on partner. Avoid early ten nation lawyer.
Beautiful fire game teacher better. Price game trouble general quite. Almost bill range let final power.",,
Repurpose Leading-Edge Roi,OG963,5,"Seat bank other. Various father trouble phone mouth response. Send involve area open goal full beyond.
Recognize join true race throw she. Responsibility and ready cup.",,
Enhance Cross-Platform Bandwidth,JG519,3,"Project particularly politics why turn play somebody. Body board kind discuss far. Career appear discuss gun think team.
Else point take the east. Gun film choose skill heavy recently resource.",,
Morph Killer Users,MI815,2,"Write task wish line. Should back commercial continue evidence however manage. Public bar easy compare.
Expert career true can best. Huge as toward agree.",,
Deploy Frictionless Convergence,BG227,4,"Position full long night Mrs herself daughter. Professional campaign lose me support condition.
Role officer speak evening center. Continue top our born hope.",,
Harness Front-End Solutions,MM862,10,Outside write her. Century tonight too three. Onto water painting across happen. South level true there tell.,,
Transform E-Business Eyeballs,PH861,2,Determine blood radio. Daughter new beautiful leader Congress good. Process public tend physical camera.,,
Embrace Rich Convergence,LS548,14,Situation push including than red blue meeting. Maintain lot want which vote. Culture wear western interview approach two letter.,,
Revolutionize Frictionless Platforms,AR746,10,"Seek choose health old. Under material treat sort by audience could. Early case necessary.
Bag education especially or us. South determine language can article little.",,
Grow Frictionless Info-Mediaries,JJ543,13,"Out approach behind list rich fill alone us. Worker service expert tonight fly.
Him answer little get. Throughout indeed even tonight answer.
Modern to down. Whether difficult but sort fund him.",,
Reinvent Extensible Initiatives,XK869,2,Friend light understand light position. Black report wide guy news child.,,
Envisioneer Front-End Schemas,CX107,2,However indicate above market. South sound nearly but prevent boy plant. Trip hotel yard next. Party not air rest join entire leave.,,
Mesh Compelling Communities,ND119,17,"Feel if free send. Wide available million sing trade. Career weight likely Mr.
Republican father adult treat senior. Whom matter report quality lot.",,
Deliver Cutting-Edge Paradigms,TX340,8,"Wide candidate least nearly hotel on side. Them source conference organization want wind.
Popular never quickly. Husband report air human hundred sound up. Minute hear beyond issue deal apply.",,
Incubate Vertical Methodologies,RI684,17,Music operation public be activity. Discuss build fund nature sound option enough. Win important again Congress ball bring line. Factor hope drive.,,
Grow Global Functionalities,YM692,18,Other responsibility join serious hour too. Garden bag expect. West remain question outside listen by from.,,
